source_id,alloy_id,wt_pct_C,wt_pct_Cr,wt_pct_Ni,wt_pct_Mo,wt_pct_Mn,wt_pct_Si,wt_pct_N,condition_C,quantity,value,unit,uncertainty,method,page_ref,notes
drozdova2017,A,0.308,1.058,,,,,,,"T_S",1447,degC,0-2 (method-level SD range),"DTA Setaram Setsys 18TM; heating 10 C/min; 190 mg; Ar 6N; Al2O3 crucible; 3 runs; calib Ni(4N5)/Pd(5N)","temp: Table 2 p.67 (PDF p.3); comp: Table 1 p.66 (PDF p.2)","Fe balance; only C and Cr reported (Fe-C-Cr based); no Mn/Si/N given"
drozdova2017,A,0.308,1.058,,,,,,,"T_S",1449,degC,0-6 (method-level SD range),"Direct TA Netzsch STA 449 F3 Jupiter; heating 5 C/min; 23 g; Ar 6N; 2 heating runs","temp: Table 2 p.67 (PDF p.3); comp: Table 1 p.66 (PDF p.2)",""
drozdova2017,A,0.308,1.058,,,,,,,"T_S",1451,degC,0-16 (method-level SD range),"Direct TA Netzsch STA 449 F3 Jupiter; cooling 5 C/min; 23 g; Ar 6N; 2 cooling runs","temp: Table 2 p.67 (PDF p.3); comp: Table 1 p.66 (PDF p.2)","cooling value; undercooling possible"
drozdova2017,A,0.308,1.058,,,,,,,"T_S",1449,degC,,"Thermo-Calc 2015b + TCFE8 (calculated)","temp: Table 2 p.67 (PDF p.3); comp: Table 1 p.66 (PDF p.2)","calculated; Sn/As/Sb/Pb/Bi excluded from calc"
drozdova2017,A,0.308,1.058,,,,,,,"T_S",1446,degC,,"IDS kinetic solidification simulation (calculated)","temp: Table 2 p.67 (PDF p.3); comp: Table 1 p.66 (PDF p.2)","calculated; Sn/B/As/Sb/Pb/Bi excluded from calc"
drozdova2017,A,0.308,1.058,,,,,,,"T_P",1486,degC,0-2 (method-level SD range),"DTA Setaram Setsys 18TM; heating 10 C/min; 190 mg; Ar 6N; 3 runs","temp: Table 2 p.67 (PDF p.3); comp: Table 1 p.66 (PDF p.2)","start of peritectic transformation on heating"
drozdova2017,A,0.308,1.058,,,,,,,"T_P",1484,degC,0-6 (method-level SD range),"Direct TA Netzsch STA 449 F3 Jupiter; heating 5 C/min; 23 g; Ar 6N","temp: Table 2 p.67 (PDF p.3); comp: Table 1 p.66 (PDF p.2)","start of peritectic transformation on heating"
drozdova2017,A,0.308,1.058,,,,,,,"T_P",1458,degC,0-16 (method-level SD range),"Direct TA Netzsch STA 449 F3 Jupiter; cooling 5 C/min; 23 g; Ar 6N","temp: Table 2 p.67 (PDF p.3); comp: Table 1 p.66 (PDF p.2)","EXCLUDED by authors from discussion (undercooling / secondary gamma nucleation); listed in Table 2 only"
drozdova2017,A,0.308,1.058,,,,,,,"T_P",1486,degC,,"Thermo-Calc 2015b + TCFE8 (calculated)","temp: Table 2 p.67 (PDF p.3); comp: Table 1 p.66 (PDF p.2)","calculated"
drozdova2017,A,0.308,1.058,,,,,,,"T_P",1482,degC,,"IDS kinetic solidification simulation (calculated)","temp: Table 2 p.67 (PDF p.3); comp: Table 1 p.66 (PDF p.2)","calculated"
drozdova2017,A,0.308,1.058,,,,,,,"T_L",1498,degC,0-2 (method-level SD range),"DTA Setaram Setsys 18TM; heating 10 C/min; 190 mg; Ar 6N; 3 runs","temp: Table 2 p.67 (PDF p.3); comp: Table 1 p.66 (PDF p.2)",""
drozdova2017,A,0.308,1.058,,,,,,,"T_L",1503,degC,0-6 (method-level SD range),"Direct TA Netzsch STA 449 F3 Jupiter; heating 5 C/min; 23 g; Ar 6N","temp: Table 2 p.67 (PDF p.3); comp: Table 1 p.66 (PDF p.2)",""
drozdova2017,A,0.308,1.058,,,,,,,"T_L",1499,degC,0-16 (method-level SD range),"Direct TA Netzsch STA 449 F3 Jupiter; cooling 5 C/min; 23 g; Ar 6N","temp: Table 2 p.67 (PDF p.3); comp: Table 1 p.66 (PDF p.2)","cooling value"
drozdova2017,A,0.308,1.058,,,,,,,"T_L",1503,degC,,"Thermo-Calc 2015b + TCFE8 (calculated)","temp: Table 2 p.67 (PDF p.3); comp: Table 1 p.66 (PDF p.2)","calculated"
drozdova2017,A,0.308,1.058,,,,,,,"T_L",1502,degC,,"IDS kinetic solidification simulation (calculated)","temp: Table 2 p.67 (PDF p.3); comp: Table 1 p.66 (PDF p.2)","calculated"
drozdova2017,B,0.320,1.540,,,,,,,"T_S",1445,degC,0-2 (method-level SD range),"DTA Setaram Setsys 18TM; heating 10 C/min; 190 mg; Ar 6N; 3 runs","temp: Table 2 p.67 (PDF p.3); comp: Table 1 p.66 (PDF p.2)","Fe balance; only C and Cr reported"
drozdova2017,B,0.320,1.540,,,,,,,"T_S",1447,degC,0-6 (method-level SD range),"Direct TA Netzsch STA 449 F3 Jupiter; heating 5 C/min; 23 g; Ar 6N","temp: Table 2 p.67 (PDF p.3); comp: Table 1 p.66 (PDF p.2)",""
drozdova2017,B,0.320,1.540,,,,,,,"T_S",1437,degC,0-16 (method-level SD range),"Direct TA Netzsch STA 449 F3 Jupiter; cooling 5 C/min; 23 g; Ar 6N","temp: Table 2 p.67 (PDF p.3); comp: Table 1 p.66 (PDF p.2)","cooling value; undercooling possible"
drozdova2017,B,0.320,1.540,,,,,,,"T_S",1451,degC,,"Thermo-Calc 2015b + TCFE8 (calculated)","temp: Table 2 p.67 (PDF p.3); comp: Table 1 p.66 (PDF p.2)","calculated"
drozdova2017,B,0.320,1.540,,,,,,,"T_S",1438,degC,,"IDS kinetic solidification simulation (calculated)","temp: Table 2 p.67 (PDF p.3); comp: Table 1 p.66 (PDF p.2)","calculated"
drozdova2017,B,0.320,1.540,,,,,,,"T_P",1471,degC,0-2 (method-level SD range),"DTA Setaram Setsys 18TM; heating 10 C/min; 190 mg; Ar 6N; 3 runs","temp: Table 2 p.67 (PDF p.3); comp: Table 1 p.66 (PDF p.2)","start of peritectic transformation on heating"
drozdova2017,B,0.320,1.540,,,,,,,"T_P",1473,degC,0-6 (method-level SD range),"Direct TA Netzsch STA 449 F3 Jupiter; heating 5 C/min; 23 g; Ar 6N","temp: Table 2 p.67 (PDF p.3); comp: Table 1 p.66 (PDF p.2)","start of peritectic transformation on heating"
drozdova2017,B,0.320,1.540,,,,,,,"T_P",1449,degC,0-16 (method-level SD range),"Direct TA Netzsch STA 449 F3 Jupiter; cooling 5 C/min; 23 g; Ar 6N","temp: Table 2 p.67 (PDF p.3); comp: Table 1 p.66 (PDF p.2)","EXCLUDED by authors from discussion (undercooling / secondary gamma nucleation); listed in Table 2 only"
drozdova2017,B,0.320,1.540,,,,,,,"T_P",1458,degC,,"Thermo-Calc 2015b + TCFE8 (calculated)","temp: Table 2 p.67 (PDF p.3); comp: Table 1 p.66 (PDF p.2)","calculated; exp vs calc gap 13-15 K (largest T_P discrepancy)"
drozdova2017,B,0.320,1.540,,,,,,,"T_P",1461,degC,,"IDS kinetic solidification simulation (calculated)","temp: Table 2 p.67 (PDF p.3); comp: Table 1 p.66 (PDF p.2)","calculated"
drozdova2017,B,0.320,1.540,,,,,,,"T_L",1498,degC,0-2 (method-level SD range),"DTA Setaram Setsys 18TM; heating 10 C/min; 190 mg; Ar 6N; 3 runs","temp: Table 2 p.67 (PDF p.3); comp: Table 1 p.66 (PDF p.2)",""
drozdova2017,B,0.320,1.540,,,,,,,"T_L",1501,degC,0-6 (method-level SD range),"Direct TA Netzsch STA 449 F3 Jupiter; heating 5 C/min; 23 g; Ar 6N","temp: Table 2 p.67 (PDF p.3); comp: Table 1 p.66 (PDF p.2)",""
drozdova2017,B,0.320,1.540,,,,,,,"T_L",1495,degC,0-16 (method-level SD range),"Direct TA Netzsch STA 449 F3 Jupiter; cooling 5 C/min; 23 g; Ar 6N","temp: Table 2 p.67 (PDF p.3); comp: Table 1 p.66 (PDF p.2)","cooling value"
drozdova2017,B,0.320,1.540,,,,,,,"T_L",1504,degC,,"Thermo-Calc 2015b + TCFE8 (calculated)","temp: Table 2 p.67 (PDF p.3); comp: Table 1 p.66 (PDF p.2)","calculated"
drozdova2017,B,0.320,1.540,,,,,,,"T_L",1500,degC,,"IDS kinetic solidification simulation (calculated)","temp: Table 2 p.67 (PDF p.3); comp: Table 1 p.66 (PDF p.2)","calculated"
drozdova2017,C,0.380,4.990,,,,,,,"T_S",1397,degC,0-2 (method-level SD range),"DTA Setaram Setsys 18TM; heating 10 C/min; 190 mg; Ar 6N; 3 runs","temp: Table 2 p.67 (PDF p.3); comp: Table 1 p.66 (PDF p.2)","Fe balance; only C and Cr reported"
drozdova2017,C,0.380,4.990,,,,,,,"T_S",1405,degC,0-6 (method-level SD range),"Direct TA Netzsch STA 449 F3 Jupiter; heating 5 C/min; 23 g; Ar 6N","temp: Table 2 p.67 (PDF p.3); comp: Table 1 p.66 (PDF p.2)",""
drozdova2017,C,0.380,4.990,,,,,,,"T_S",1410,degC,0-16 (method-level SD range),"Direct TA Netzsch STA 449 F3 Jupiter; cooling 5 C/min; 23 g; Ar 6N","temp: Table 2 p.67 (PDF p.3); comp: Table 1 p.66 (PDF p.2)","cooling value; exp vs calc intervals do not overlap (exp 1397-1410 vs TC 1395 / IDS 1386)"
drozdova2017,C,0.380,4.990,,,,,,,"T_S",1395,degC,,"Thermo-Calc 2015b + TCFE8 (calculated)","temp: Table 2 p.67 (PDF p.3); comp: Table 1 p.66 (PDF p.2)","calculated"
drozdova2017,C,0.380,4.990,,,,,,,"T_S",1386,degC,,"IDS kinetic solidification simulation (calculated)","temp: Table 2 p.67 (PDF p.3); comp: Table 1 p.66 (PDF p.2)","calculated"
drozdova2017,C,0.380,4.990,,,,,,,"T_P",1438,degC,0-2 (method-level SD range),"DTA Setaram Setsys 18TM; heating 10 C/min; 190 mg; Ar 6N; 3 runs","temp: Table 2 p.67 (PDF p.3); comp: Table 1 p.66 (PDF p.2)","start of peritectic transformation on heating"
drozdova2017,C,0.380,4.990,,,,,,,"T_P",1441,degC,0-6 (method-level SD range),"Direct TA Netzsch STA 449 F3 Jupiter; heating 5 C/min; 23 g; Ar 6N","temp: Table 2 p.67 (PDF p.3); comp: Table 1 p.66 (PDF p.2)","start of peritectic transformation on heating"
drozdova2017,C,0.380,4.990,,,,,,,"T_P",1416,degC,0-16 (method-level SD range),"Direct TA Netzsch STA 449 F3 Jupiter; cooling 5 C/min; 23 g; Ar 6N","temp: Table 2 p.67 (PDF p.3); comp: Table 1 p.66 (PDF p.2)","EXCLUDED by authors from discussion (undercooling / secondary gamma nucleation); listed in Table 2 only"
drozdova2017,C,0.380,4.990,,,,,,,"T_P",1449,degC,,"Thermo-Calc 2015b + TCFE8 (calculated)","temp: Table 2 p.67 (PDF p.3); comp: Table 1 p.66 (PDF p.2)","calculated"
drozdova2017,C,0.380,4.990,,,,,,,"T_P",1432,degC,,"IDS kinetic solidification simulation (calculated)","temp: Table 2 p.67 (PDF p.3); comp: Table 1 p.66 (PDF p.2)","calculated"
drozdova2017,C,0.380,4.990,,,,,,,"T_L",1474,degC,0-2 (method-level SD range),"DTA Setaram Setsys 18TM; heating 10 C/min; 190 mg; Ar 6N; 3 runs","temp: Table 2 p.67 (PDF p.3); comp: Table 1 p.66 (PDF p.2)",""
drozdova2017,C,0.380,4.990,,,,,,,"T_L",1480,degC,0-6 (method-level SD range),"Direct TA Netzsch STA 449 F3 Jupiter; heating 5 C/min; 23 g; Ar 6N","temp: Table 2 p.67 (PDF p.3); comp: Table 1 p.66 (PDF p.2)",""
drozdova2017,C,0.380,4.990,,,,,,,"T_L",1476,degC,0-16 (method-level SD range),"Direct TA Netzsch STA 449 F3 Jupiter; cooling 5 C/min; 23 g; Ar 6N","temp: Table 2 p.67 (PDF p.3); comp: Table 1 p.66 (PDF p.2)","cooling value"
drozdova2017,C,0.380,4.990,,,,,,,"T_L",1480,degC,,"Thermo-Calc 2015b + TCFE8 (calculated)","temp: Table 2 p.67 (PDF p.3); comp: Table 1 p.66 (PDF p.2)","calculated"
drozdova2017,C,0.380,4.990,,,,,,,"T_L",1475,degC,,"IDS kinetic solidification simulation (calculated)","temp: Table 2 p.67 (PDF p.3); comp: Table 1 p.66 (PDF p.2)","calculated"
yamada1987,PE_transition_point,,15,10,,,,,,"P_E_transition_point_Cr",15,wt%,,"Tie-line slope change + DTA liquidus surface construction (Sec 3.4, Fig 9); confirmed by unidirectional-solidification primary-phase identification","p.1681 Sec 3.4 + Fig 9; p.1683 conclusion; English synopsis p.1676","peritectic-eutectic transition point; English abstract says 'about 15 wt%Cr-10 wt%Ni'; agrees with Schuermann and Fredriksson; P-E line found shifted toward Fe-Cr side between 10-15 wt% Cr (synopsis p.1676)"
yamada1987,PE_transition_point,,15,10,,,,,,"P_E_transition_point_Ni",10,wt%,,"Tie-line slope change + DTA liquidus surface construction (Sec 3.4, Fig 9); confirmed by unidirectional-solidification primary-phase identification","p.1681 Sec 3.4 + Fig 9; p.1683 conclusion; English synopsis p.1676","peritectic-eutectic transition point; no uncertainty quoted by authors"
yamada1987,DTA_21.0Cr-16.6Ni,,21.0,16.6,,,,,,"T_L",1441,degC,,"DTA SiC furnace; ~30 g rod in SSA-H crucible; Ar; ~7 C/min; extrapolated onset of baseline on cooling (Sec 2.5)","p.1679 Sec 2.5 + Fig 5","single example curve; no replicates/uncertainty; all Fe-Cr-Ni alloys: C<=0.05 Si<=0.05 Mn<=0.05 P,S~0.01 wt%"
yamada1987,DTA_21.0Cr-16.6Ni,,21.0,16.6,,,,,,"T_S",1424,degC,,"DTA SiC furnace; ~30 g; Ar; ~7 C/min; extrapolated onset on reheating (Sec 2.5)","p.1679 Sec 2.5 + Fig 5","NOT USABLE: authors state this solidus is far below the value expected from liquidus + tie-lines and 'cannot be called reliable'; many such low solidus readings; solidus surface was instead constructed from liquidus + tie-lines. DO NOT USE as anchor."
yamada1987,UDS_24.0Cr-18.8Ni,,24.0,18.8,,,,,,"primary_phase",gamma,phase,,"Unidirectional solidification R=1 mm/s, G~3 C/mm, oil quench; etched metallography (Sec 3.2)","p.1679 Sec 3.2 + Photo 2a","single-phase gamma solidification; brackets gamma-primary region at 18.8 wt% Ni"
yamada1987,UDS_19.6Cr-9.14Ni,,19.6,9.14,,,,,,"primary_phase",delta,phase,,"Unidirectional solidification R=1 mm/s, G~3 C/mm, oil quench; etched metallography (Sec 3.2)","p.1680 Sec 3.2 + Photo 2b","delta primary then gamma; alloy lies on delta side of P-E line; brackets P-E line together with gamma-primary point above"
forgas2016,S31803,0.017,22.07,5.68,3.20,1.38,0.34,0.17,1000,ferrite_volpct,41.5,vol%,0.9,"Quantitative optical metallography; ASTM E562-02 point counting; Beraha etch; 10 fields at 500x; Leica QMetals (Table 3)","Table 3 p.361 (PDF p.5); comp Table 1 p.358 (PDF p.2)","30 min solution treatment in N2 then water quench; +/- as reported (paper does not define; spread of 10 fields); authors call metallography the most assertive method"
forgas2016,S31803,0.017,22.07,5.68,3.20,1.38,0.34,0.17,1000,ferrite_volpct,39.8,vol%,0.5,"Ferritoscope FISCHER MP30 magnetic induction; 10 readings; detection limit 0.1% ferrite (Table 3)","Table 3 p.361 (PDF p.5); comp Table 1 p.358 (PDF p.2)","30 min solution treatment in N2 then water quench"
forgas2016,S31803,0.017,22.07,5.68,3.20,1.38,0.34,0.17,1000,ferrite_volpct,58.4,vol%,,"XRD Shimadzu XRD-7000; Cu-Kalpha; 30-120 deg 2theta; internal-ratio method (Moser et al. 2014) (Table 3)","Table 3 p.361 (PDF p.5); comp Table 1 p.358 (PDF p.2)","texture-biased (hot-rolled plate): ~17 vol% above metallography; paper attributes to preferred orientation; do not use"
forgas2016,S31803,0.017,22.07,5.68,3.20,1.38,0.34,0.17,1000,ferrite_volpct,40.4,vol%,,"Thermo-Calc + TCFE7 equilibrium (calculated) (Table 3)","Table 3 p.361 (PDF p.5); comp Table 1 p.358 (PDF p.2)","calculated reference"
forgas2016,S31803,0.017,22.07,5.68,3.20,1.38,0.34,0.17,1100,ferrite_volpct,48.1,vol%,0.8,"Quantitative optical metallography; ASTM E562-02 point counting; Beraha etch; 10 fields at 500x; Leica QMetals (Table 3)","Table 3 p.361 (PDF p.5); comp Table 1 p.358 (PDF p.2)","30 min solution treatment in N2 then water quench; +/- as reported"
forgas2016,S31803,0.017,22.07,5.68,3.20,1.38,0.34,0.17,1100,ferrite_volpct,46.2,vol%,0.5,"Ferritoscope FISCHER MP30 magnetic induction; 10 readings; detection limit 0.1% ferrite (Table 3)","Table 3 p.361 (PDF p.5); comp Table 1 p.358 (PDF p.2)","30 min solution treatment in N2 then water quench"
forgas2016,S31803,0.017,22.07,5.68,3.20,1.38,0.34,0.17,1100,ferrite_volpct,68.5,vol%,,"XRD Shimadzu XRD-7000; Cu-Kalpha; internal-ratio method (Table 3)","Table 3 p.361 (PDF p.5); comp Table 1 p.358 (PDF p.2)","texture-biased; do not use"
forgas2016,S31803,0.017,22.07,5.68,3.20,1.38,0.34,0.17,1100,ferrite_volpct,51.3,vol%,,"Thermo-Calc + TCFE7 equilibrium (calculated) (Table 3)","Table 3 p.361 (PDF p.5); comp Table 1 p.358 (PDF p.2)","calculated reference"
forgas2016,S31803,0.017,22.07,5.68,3.20,1.38,0.34,0.17,1200,ferrite_volpct,58.5,vol%,1.5,"Quantitative optical metallography; ASTM E562-02 point counting; Beraha etch; 10 fields at 500x; Leica QMetals (Table 3)","Table 3 p.361 (PDF p.5); comp Table 1 p.358 (PDF p.2)","30 min solution treatment in N2 then water quench; +/- as reported; largest scatter of the three metallography values"
forgas2016,S31803,0.017,22.07,5.68,3.20,1.38,0.34,0.17,1200,ferrite_volpct,57.0,vol%,0.7,"Ferritoscope FISCHER MP30 magnetic induction; 10 readings; detection limit 0.1% ferrite (Table 3)","Table 3 p.361 (PDF p.5); comp Table 1 p.358 (PDF p.2)","30 min solution treatment in N2 then water quench"
forgas2016,S31803,0.017,22.07,5.68,3.20,1.38,0.34,0.17,1200,ferrite_volpct,87.2,vol%,,"XRD Shimadzu XRD-7000; Cu-Kalpha; internal-ratio method (Table 3)","Table 3 p.361 (PDF p.5); comp Table 1 p.358 (PDF p.2)","texture-biased; do not use"
forgas2016,S31803,0.017,22.07,5.68,3.20,1.38,0.34,0.17,1200,ferrite_volpct,66.4,vol%,,"Thermo-Calc + TCFE7 equilibrium (calculated) (Table 3)","Table 3 p.361 (PDF p.5); comp Table 1 p.358 (PDF p.2)","calculated reference; 7.9 vol% above metallography at 1200 C (paper discusses texture/grain-size effects)"
